{
  "n": 2000,
  "hard_quantile_within_alpha": 0.8,
  "local_k": 40,
  "hard_count": 400,
  "classifier_metrics": {
    "alpha_only": {
      "roc_auc": 0.43129340277777783,
      "accuracy": 0.345,
      "balanced_accuracy": 0.45,
      "f1": 0.27624309392265195
    },
    "alpha_c_hat": {
      "roc_auc": 0.4754079861111111,
      "accuracy": 0.6183333333333333,
      "balanced_accuracy": 0.4708333333333333,
      "f1": 0.19081272084805653
    },
    "alpha_fields": {
      "roc_auc": 0.46649305555555554,
      "accuracy": 0.6916666666666667,
      "balanced_accuracy": 0.4791666666666667,
      "f1": 0.13953488372093023
    },
    "alpha_fields_local_covariance": {
      "roc_auc": 0.47373263888888895,
      "accuracy": 0.7516666666666667,
      "balanced_accuracy": 0.5041666666666667,
      "f1": 0.1286549707602339
    }
  },
  "regression_metrics": {
    "alpha_only": {
      "r2": 0.7155153461057457,
      "mae": 0.1771844606445064
    },
    "alpha_c_hat": {
      "r2": 0.6493389177602744,
      "mae": 0.1938668346135827
    },
    "alpha_fields": {
      "r2": 0.6756694089150712,
      "mae": 0.1878252248999336
    },
    "alpha_fields_local_covariance": {
      "r2": 0.677055701552358,
      "mae": 0.1878048273419234
    }
  },
  "correlations": {
    "pearson_log_runtime": {
      "V": 0.7142521377980575,
      "alpha": 0.7079949563864438,
      "R": 0.5594609637432332,
      "local_effective_rank": 0.4518560833295276,
      "local_log_det": 0.43206453381744647,
      "C_hat": 0.39706007343285654,
      "B": 0.06759850572046185,
      "S": -0.0021023670583598174,
      "local_log_kappa": -0.094487661773605,
      "local_log_trace": -0.11558911705499851,
      "local_lambda_max": -0.13073576028939154,
      "H": -0.7386754044697199
    },
    "spearman_log_runtime": {
      "V": 0.6473387436652281,
      "alpha": 0.6468045553124186,
      "R": 0.5015074881616881,
      "local_effective_rank": 0.4471960603671022,
      "C_hat": 0.3560243790731619,
      "local_log_det": 0.2746667528128479,
      "B": 0.04147162655246096,
      "S": -0.008675312081757022,
      "local_log_trace": -0.10105244014719177,
      "local_log_kappa": -0.12020785947129323,
      "local_lambda_max": -0.12751949064977344,
      "H": -0.6468045553124186
    }
  },
  "feature_importances": {
    "alpha_only": {
      "alpha": 1.0
    },
    "alpha_c_hat": {
      "alpha": 0.10456225150187126,
      "C_hat": 0.8954377484981286
    },
    "alpha_fields": {
      "alpha": 0.0472385682992878,
      "H": 0.047962386508882654,
      "B": 0.27783096616685515,
      "S": 0.01731754301708326,
      "V": 0.27820317398526356,
      "R": 0.33144736202262765
    },
    "alpha_fields_local_covariance": {
      "alpha": 0.02743230330576099,
      "H": 0.027335883736367785,
      "B": 0.11757405585481102,
      "S": 0.005367696737816638,
      "V": 0.11421437705133816,
      "R": 0.1497507094981458,
      "local_log_kappa": 0.10598971986381035,
      "local_log_trace": 0.10934930988732375,
      "local_rank": 0.003166759954383831,
      "local_singular": 0.0,
      "local_lambda_min": 0.0,
      "local_lambda_max": 0.09840645606464393,
      "local_log_det": 0.1175577468834632,
      "local_effective_rank": 0.12385498116213453
    }
  }
}